Bronwen_Harrison,400
Bspringer,66
Hannah-Rose,1
Melina_t,360
PHIL_DAVIES84,236
Piwaka,393
SusieR,25
ZoteB,49
af2017,205
alicepease,40
aspringer,402
astopy,2
beekaybee,406
blicksam,1
c411um,66
camallen,18
chipo,6
dwright04,2
fnegrel,13
iMarsNottingham,1
kbbales,6
not-logged-in-0390eed9369867933781,3
not-logged-in-046f3f59d63df576de75,5
not-logged-in-07434fe79d8b80b2a8c2,1
not-logged-in-0950567d56ab7df2c3ab,12
not-logged-in-0a1ea31ec2e6e1e212b4,2
not-logged-in-0b78cc477369976e7418,268
not-logged-in-0e4ba79479ea6405dfc2,5
not-logged-in-0fc1aeebf6d03b9df567,3
not-logged-in-107eeb30aebdfa9f20d1,1
not-logged-in-1178cb6568ca66325435,24
not-logged-in-130ac2288dcb5ec47fe2,53
not-logged-in-14375060fa0c0d44d8c9,16
not-logged-in-164dbc3279ff6f094d92,8
not-logged-in-1aad6da1e9b00f05925b,1
not-logged-in-1fb98974cf79c2db9758,2
not-logged-in-20c7a3fd260618f54367,11
not-logged-in-21bb2441429f3d2ff2b5,2
not-logged-in-222fa170298892b6ad62,17
not-logged-in-24b3349365f6eb8ea72c,3
not-logged-in-2522dc6261ecf73c5598,3
not-logged-in-27c3cfc26007a5eeec19,4
not-logged-in-28a2627fb9aa1c56487f,15
not-logged-in-2ae62978de2c024cefef,44
not-logged-in-32aff4dc908523347b5c,2
not-logged-in-331d6efb44eb76c4b32a,2
not-logged-in-346478b701162541e666,6
not-logged-in-34c188e79061c479dc9b,2
not-logged-in-35affa077aa96e3130af,4
not-logged-in-3615dfb78b17a6da8aea,3
not-logged-in-364b0d27d95673e82c3e,10
not-logged-in-3927a3e7c36709833c3a,5
not-logged-in-39bfd933f9a8f866573f,4
not-logged-in-3b702fca82569c638d05,10
not-logged-in-40639dabefccd9e4dcc3,4
not-logged-in-48c880e28adb58a74e92,3
not-logged-in-49827dcb86b0d6363d0e,1
not-logged-in-4982b48031443025599c,1
not-logged-in-4a0627a7884df1f528d5,54
not-logged-in-4bb396d50d5be55cdc4c,21
not-logged-in-4e77ef541d8bdea99db1,5
not-logged-in-58b824138ca0f0ba61c6,4
not-logged-in-596fab77571ae4d084e4,53
not-logged-in-5abe75c1b9d515567783,2
not-logged-in-5b5f5c19e833286d063e,12
not-logged-in-6ba056c8d0239d3c650c,3
not-logged-in-72d6aafb668530a48a57,25
not-logged-in-7350d3709f9e5a447bc6,7
not-logged-in-73a7bc942747c5ed41d8,3
not-logged-in-74fc16e39918aec2a211,1
not-logged-in-783a802e9d0e0b25a6b9,26
not-logged-in-7a82599b4986677a8e2c,253
not-logged-in-7ccd931b96355cea3184,1
not-logged-in-7ef5b945a4b9db9baca3,2
not-logged-in-7fe5041248fe758793ae,1
not-logged-in-83838c2ecfd119accfca,8
not-logged-in-840957a430da231fd1dc,3
not-logged-in-85765315554cd346e5b7,18
not-logged-in-8c7337ff0b628165c147,7
not-logged-in-8d5c15ab586c948c2d78,25
not-logged-in-91426dd00b121adf6198,11
not-logged-in-985b012e16eda0aad37b,2
not-logged-in-99b21a827eded5daca35,1
not-logged-in-9bc0ba5120ab3023f7d4,2
not-logged-in-9be3210f5cd1e49b9972,48
not-logged-in-a0885b646a094a0d6851,1
not-logged-in-a225f918e21593f1f678,11
not-logged-in-a47270fc8fef587ab411,1
not-logged-in-a6213f5a0552a519bfac,16
not-logged-in-a68b6a2b973d08c7d7d1,74
not-logged-in-a6ce03693313e74b1413,5
not-logged-in-ac2dba5b2510ed8369b2,5
not-logged-in-ace6708f17ae0a039f01,125
not-logged-in-ad81a5611629dfd6f67f,5
not-logged-in-ad81eb4b37b1f01709b0,2
not-logged-in-b5924c456878c703c94f,5
not-logged-in-b9acca3eefae930f9be6,24
not-logged-in-c4c2bce0df386052bf3e,5
not-logged-in-c72eb4d278cbf02f3db6,69
not-logged-in-cf8dd62dcea4ea1ce620,9
not-logged-in-d011386d281a7074525b,6
not-logged-in-d6513786cd1711cc5623,19
not-logged-in-d65bec5db51d6773af36,32
not-logged-in-d7fa07624d03b7feaf73,28
not-logged-in-de6a1a7854c33289b94f,1
not-logged-in-e01952df31a4197106be,108
not-logged-in-e4947573a3b2b2332832,24
not-logged-in-e784011833a0f8a67270,1
not-logged-in-e9286c5df176cc1cb19f,51
not-logged-in-f2a7ad5d086861797810,27
not-logged-in-f7c029acdcaed1a22f38,71
not-logged-in-f906850efc4edde54f08,1
not-logged-in-fcc7b8743ca876876975,22
not-logged-in-fda51f6056407a782e0a,3
ofkathrine,97
quickcrimson,358
rosepear,38
zwolf,2
